level,slot,file,words,paras,sents,msl,lex,over_A1,cw_A1,unk_A1,over_A2,cw_A2,unk_A2,over_B1,cw_B1,unk_B1,over_B2,cw_B2,unk_B2
A2,A2,初级1_01.txt,57,5,8,7.12,50,0.0385,52,3,0.0,52,3,0.0,52,3,0.0,52,3
A2,A2,初级1_02.txt,75,8,15,5.0,-65,0.1765,68,4,0.1029,68,4,0.0,68,4,0.0,68,4
A2,A2,初级1_03.txt,68,8,15,4.53,53,0.1231,65,1,0.0615,65,1,0.0308,65,1,0.0308,65,1
A2,A2,初级1_04.txt,70,10,12,5.83,-2,0.0667,60,9,0.0,60,9,0.0,60,9,0.0,60,9
A2,A2,初级1_05.txt,67,9,10,6.7,19,0.1818,55,8,0.1273,55,8,0.0727,55,8,0.0,55,8
A2,A2,初级1_06.txt,71,8,8,8.88,134,0.0909,66,2,0.0152,66,2,0.0,66,2,0.0,66,2
A2,A2,初级1_07.txt,55,8,5,11.0,309,0.1667,48,6,0.0625,48,6,0.0208,48,6,0.0,48,6
A2,A2,初级1_08.txt,63,9,8,7.88,76,0.0893,56,3,0.0,56,3,0.0,56,3,0.0,56,3
A2,A2,初级1_09.txt,73,9,4,18.25,533,0.1034,58,12,0.0172,58,12,0.0,58,12,0.0,58,12
A2,A2,初级1_10.txt,79,9,11,7.18,87,0.1408,71,6,0.0423,71,6,0.0,71,6,0.0,71,6
A2,A2,初级1_11.txt,76,6,10,7.6,51,0.2,75,0,0.0533,75,0,0.0133,75,0,0.0,75,0
A2,A2,初级1_12.txt,77,7,8,9.62,122,0.125,72,3,0.0417,72,3,0.0,72,3,0.0,72,3
A2,A2,初级1_13.txt,61,7,6,10.17,255,0.25,56,4,0.0357,56,4,0.0,56,4,0.0,56,4
A2,A2,初级1_14.txt,67,10,10,6.7,86,0.2037,54,5,0.0556,54,5,0.0185,54,5,0.0,54,5
A2,A2,初级1_15.txt,72,8,8,9.0,180,0.1538,65,4,0.0154,65,4,0.0,65,4,0.0,65,4
A2,A2,初级2_01.txt,68,6,8,8.5,143,0.082,61,3,0.0164,61,3,0.0,61,3,0.0,61,3
A2,A2,初级2_02.txt,74,5,8,9.25,168,0.0845,71,1,0.0282,71,1,0.0141,71,1,0.0,71,1
A2,A2,初级2_03.txt,66,3,13,5.08,106,0.1667,66,0,0.0909,66,0,0.0152,66,0,0.0,66,0
A2,A2,初级2_04.txt,61,3,7,8.71,67,0.2105,57,2,0.0702,57,2,0.0702,57,2,0.0,57,2
A2,A2,初级2_05.txt,62,2,8,7.75,120,0.3051,59,2,0.2034,59,2,0.0,59,2,0.0,59,2
A2,A2,初级2_06.txt,78,7,10,7.8,97,0.0909,77,1,0.0519,77,1,0.026,77,1,0.013,77,1
A2,A2,初级2_07.txt,75,3,7,10.71,252,0.1268,71,2,0.0141,71,2,0.0,71,2,0.0,71,2
A2,A2,初级2_08.txt,56,2,7,8.0,144,0.1455,55,0,0.0182,55,0,0.0,55,0,0.0,55,0
A2,A2,初级2_09.txt,74,3,11,6.73,34,0.1618,68,0,0.0588,68,0,0.0147,68,0,0.0,68,0
A2,A2,初级2_10.txt,56,2,9,6.22,144,0.1765,51,2,0.0784,51,2,0.0588,51,2,0.0,51,2
A2,A2,初级2_11.txt,57,2,6,9.5,235,0.1852,54,2,0.0556,54,2,0.0556,54,2,0.0,54,2
A2,A2,初级2_12.txt,78,2,10,7.8,116,0.1733,75,2,0.0667,75,2,0.0133,75,2,0.0,75,2
A2,A2,初级2_13.txt,95,4,8,11.88,311,0.3404,94,0,0.1702,94,0,0.0319,94,0,0.0,94,0
A2,A2,初级2_14.txt,137,7,23,5.96,38,0.2821,117,9,0.1538,117,9,0.0855,117,9,0.0171,117,9
A2,A2,初级2_15.txt,132,6,9,14.67,355,0.0508,118,4,0.0,118,4,0.0,118,4,0.0,118,4
A2,A2,初级3_01.txt,81,5,17,4.76,-43,0.0921,76,2,0.0132,76,2,0.0,76,2,0.0,76,2
A2,A2,初级3_02.txt,66,5,10,6.6,83,0.2462,65,0,0.0923,65,0,0.0615,65,0,0.0,65,0
A2,A2,初级3_03.txt,72,4,8,9.0,138,0.1765,68,2,0.0147,68,2,0.0,68,2,0.0,68,2
A2,A2,初级3_04.txt,74,5,12,6.17,69,0.0141,71,1,0.0,71,1,0.0,71,1,0.0,71,1
A2,A2,初级3_05.txt,60,3,10,6.0,45,0.2034,59,1,0.0339,59,1,0.0,59,1,0.0,59,1
A2,A2,初级3_06.txt,62,4,8,7.75,23,0.1786,56,3,0.0,56,3,0.0,56,3,0.0,56,3
A2,A2,初级3_07.txt,67,4,12,5.58,125,0.0758,66,1,0.0455,66,1,0.0,66,1,0.0,66,1
A2,A2,初级3_08.txt,63,2,7,9.0,222,0.1765,51,3,0.1176,51,3,0.0,51,3,0.0,51,3
A2,A2,初级3_09.txt,62,5,8,7.75,362,0.2951,61,0,0.1475,61,0,0.0,61,0,0.0,61,0
A2,A2,初级3_10.txt,123,6,12,10.25,221,0.1949,118,3,0.0593,118,3,0.0339,118,3,0.0,118,3
A2,A2,初级3_11.txt,72,5,8,9.0,180,0.1449,69,2,0.058,69,2,0.0,69,2,0.0,69,2
A2,A2,初级3_12.txt,82,4,10,8.2,74,0.2469,81,1,0.0864,81,1,0.0123,81,1,0.0,81,1
A2,A2,初级3_13.txt,80,8,10,8.0,216,0.0548,73,5,0.0137,73,5,0.0137,73,5,0.0137,73,5
A2,A2,初级3_14.txt,73,5,8,9.12,81,0.3333,69,1,0.1159,69,1,0.0,69,1,0.0,69,1
A2,A2,初级3_15.txt,76,5,11,6.91,40,0.087,69,4,0.0145,69,4,0.0,69,4,0.0,69,4
A2,A2,初级4_01.txt,67,4,10,6.7,-4,0.3651,63,3,0.0794,63,3,0.0,63,3,0.0,63,3
A2,A2,初级4_02.txt,83,6,11,7.55,62,0.2794,68,7,0.0588,68,7,0.0,68,7,0.0,68,7
A2,A2,初级4_03.txt,159,5,17,9.35,194,0.1656,151,3,0.0728,151,3,0.0066,151,3,0.0066,151,3
A2,A2,初级4_04.txt,91,4,14,6.5,239,0.1446,83,4,0.0723,83,4,0.0,83,4,0.0,83,4
A2,A2,初级4_05.txt,75,4,10,7.5,128,0.1324,68,3,0.0441,68,3,0.0,68,3,0.0,68,3
A2,A2,初级4_06.txt,99,5,13,7.62,23,0.1979,96,3,0.0521,96,3,0.0,96,3,0.0,96,3
A2,A2,初级4_07.txt,96,3,12,8.0,166,0.1848,92,3,0.0652,92,3,0.0,92,3,0.0,92,3
A2,A2,初级4_08.txt,78,5,8,9.75,281,0.1831,71,3,0.0423,71,3,0.0,71,3,0.0,71,3
A2,A2,初级4_09.txt,134,6,17,7.88,117,0.2197,132,1,0.0758,132,1,0.0076,132,1,0.0,132,1
A2,A2,初级4_10.txt,82,5,15,5.47,-49,0.1795,78,2,0.1026,78,2,0.0256,78,2,0.0,78,2
A2,A2,初级4_11.txt,77,6,14,5.5,14,0.3816,76,0,0.2105,76,0,0.0,76,0,0.0,76,0
A2,A2,初级4_12.txt,84,5,8,10.5,230,0.0909,77,3,0.0,77,3,0.0,77,3,0.0,77,3
A2,A2,初级4_13.txt,115,4,11,10.45,225,0.1944,108,3,0.037,108,3,0.0093,108,3,0.0093,108,3
A2,A2,初级4_14.txt,95,4,9,10.56,393,0.1935,93,1,0.043,93,1,0.0323,93,1,0.0,93,1
A2,A2,初级4_15.txt,152,6,20,7.6,91,0.1224,147,2,0.0408,147,2,0.0,147,2,0.0,147,2
A2,A2,初级5_01.txt,65,4,8,8.12,177,0.1525,59,1,0.0,59,1,0.0,59,1,0.0,59,1
A2,A2,初级5_02.txt,65,3,7,9.29,183,0.1719,64,1,0.0625,64,1,0.0,64,1,0.0,64,1
A2,A2,初级5_03.txt,159,8,15,10.6,269,0.2685,149,2,0.094,149,2,0.0067,149,2,0.0,149,2
A2,A2,初级5_04.txt,77,5,9,8.56,249,0.3158,76,1,0.0789,76,1,0.0263,76,1,0.0,76,1
A2,A2,初级5_05.txt,78,4,7,11.14,267,0.1507,73,2,0.0411,73,2,0.0,73,2,0.0,73,2
A2,A2,初级5_06.txt,81,5,11,7.36,55,0.1169,77,1,0.0519,77,1,0.0,77,1,0.0,77,1
A2,A2,初级5_07.txt,88,6,9,9.78,124,0.2099,81,3,0.0123,81,3,0.0123,81,3,0.0,81,3
A2,A2,初级5_08.txt,170,7,14,12.14,249,0.2065,155,8,0.0323,155,8,0.0065,155,8,0.0065,155,8
A2,A2,初级5_09.txt,86,5,11,7.82,211,0.3133,83,2,0.1566,83,2,0.012,83,2,0.012,83,2
A2,A2,初级5_10.txt,74,4,10,7.4,125,0.2286,70,2,0.1,70,2,0.0143,70,2,0.0,70,2
A2,A2,初级5_11.txt,88,3,10,8.8,131,0.2439,82,1,0.0244,82,1,0.0,82,1,0.0,82,1
A2,A2,初级5_12.txt,73,2,7,10.43,201,0.2394,71,1,0.0282,71,1,0.0141,71,1,0.0,71,1
A2,A2,初级5_13.txt,96,6,13,7.38,107,0.1209,91,2,0.011,91,2,0.0,91,2,0.0,91,2
A2,A2,初级5_14.txt,92,4,10,9.2,97,0.2195,82,4,0.0854,82,4,0.0732,82,4,0.0,82,4
A2,A2,初级5_15.txt,94,5,14,6.71,32,0.2159,88,4,0.0341,88,4,0.0,88,4,0.0,88,4
A2,A2,初级6_01.txt,80,3,14,5.71,1,0.12,75,4,0.04,75,4,0.0,75,4,0.0,75,4
A2,A2,初级6_02.txt,86,4,8,10.75,238,0.0676,74,3,0.0135,74,3,0.0,74,3,0.0,74,3
A2,A2,初级6_03.txt,82,5,14,5.86,5,0.1852,81,1,0.0741,81,1,0.0617,81,1,0.0617,81,1
A2,A2,初级6_04.txt,61,5,8,7.62,165,0.2667,60,1,0.05,60,1,0.0333,60,1,0.0,60,1
A2,A2,初级6_05.txt,74,2,13,5.69,8,0.3429,70,3,0.0429,70,3,0.0143,70,3,0.0,70,3
A2,A2,初级6_06.txt,88,3,10,8.8,131,0.2184,87,1,0.0805,87,1,0.023,87,1,0.0,87,1
A2,A2,初级6_07.txt,70,5,11,6.36,-21,0.2667,60,2,0.1,60,2,0.0,60,2,0.0,60,2
A2,A2,初级6_08.txt,77,6,12,6.42,75,0.2879,66,5,0.0909,66,5,0.0,66,5,0.0,66,5
A2,A2,初级6_09.txt,165,6,19,8.68,150,0.1646,158,4,0.0253,158,4,0.0127,158,4,0.0063,158,4
A2,A2,初级6_10.txt,77,5,9,8.56,308,0.127,63,4,0.0476,63,4,0.0,63,4,0.0,63,4
A2,A2,初级6_11.txt,83,3,8,10.38,261,0.1447,76,3,0.0,76,3,0.0,76,3,0.0,76,3
A2,A2,初级6_12.txt,149,6,27,5.52,130,0.2667,135,6,0.0296,135,6,0.0074,135,6,0.0074,135,6
A2,A2,初级6_13.txt,177,7,24,7.38,185,0.1437,167,1,0.018,167,1,0.012,167,1,0.0,167,1
A2,A2,初级6_14.txt,156,6,28,5.57,-13,0.25,144,5,0.1042,144,5,0.0,144,5,0.0,144,5
A2,A2,初级6_15.txt,133,6,16,8.31,148,0.1197,117,5,0.0513,117,5,0.0085,117,5,0.0,117,5
A2,A2,初级7_01.txt,128,8,12,10.67,306,0.1653,121,4,0.0083,121,4,0.0,121,4,0.0,121,4
A2,A2,初级7_02.txt,137,7,13,10.54,267,0.2188,128,3,0.0781,128,3,0.0234,128,3,0.0,128,3
A2,A2,初级7_03.txt,143,4,16,8.94,199,0.2206,136,3,0.0735,136,3,0.0368,136,3,0.0,136,3
A2,A2,初级7_04.txt,152,9,13,11.69,235,0.1761,142,7,0.0704,142,7,0.007,142,7,0.0,142,7
A2,A2,初级7_05.txt,69,3,7,9.86,441,0.3103,58,5,0.0345,58,5,0.0,58,5,0.0,58,5
A2,A2,初级7_06.txt,89,5,10,8.9,101,0.1625,80,5,0.025,80,5,0.0,80,5,0.0,80,5
A2,A2,初级7_07.txt,87,3,10,8.7,162,0.1687,83,5,0.1084,83,5,0.0,83,5,0.0,83,5
A2,A2,初级7_08.txt,89,6,11,8.09,166,0.2152,79,4,0.0759,79,4,0.038,79,4,0.0,79,4
A2,A2,初级7_09.txt,77,4,7,11.0,223,0.125,72,2,0.0,72,2,0.0,72,2,0.0,72,2
A2,A2,初级7_10.txt,79,4,14,5.64,-58,0.2,75,4,0.0133,75,4,0.0,75,4,0.0,75,4
A2,A2,初级7_11.txt,129,7,11,11.73,282,0.1667,120,2,0.0583,120,2,0.0,120,2,0.0,120,2
A2,A2,初级7_12.txt,125,4,15,8.33,205,0.2167,120,2,0.1333,120,2,0.1083,120,2,0.0,120,2
A2,A2,初级7_13.txt,77,6,9,8.56,113,0.3288,73,1,0.0411,73,1,0.0,73,1,0.0,73,1
A2,A2,初级7_14.txt,182,8,22,8.27,286,0.1753,154,9,0.0519,154,9,0.0,154,9,0.0,154,9
A2,A2,初级7_15.txt,77,5,8,9.62,122,0.2464,69,5,0.1014,69,5,0.058,69,5,0.0,69,5
A2,A2,初级8_01.txt,83,3,11,7.55,206,0.2078,77,4,0.1299,77,4,0.1169,77,4,0.039,77,4
A2,A2,初级8_02.txt,84,4,5,16.8,442,0.1585,82,1,0.0366,82,1,0.0122,82,1,0.0,82,1
A2,A2,初级8_03.txt,107,2,11,9.73,116,0.13,100,1,0.06,100,1,0.02,100,1,0.0,100,1
A2,A2,初级8_04.txt,63,3,6,10.5,361,0.2,55,2,0.1273,55,2,0.0364,55,2,0.0364,55,2
A2,A2,初级8_05.txt,79,6,5,15.8,399,0.25,72,1,0.0833,72,1,0.0139,72,1,0.0139,72,1
A2,A2,初级8_06.txt,186,6,16,11.62,238,0.125,184,0,0.0598,184,0,0.0326,184,0,0.0109,184,0
A2,A2,初级8_07.txt,95,5,12,7.92,85,0.3043,92,2,0.0543,92,2,0.0109,92,2,0.0,92,2
A2,A2,初级8_08.txt,164,7,15,10.93,233,0.1579,152,4,0.0197,152,4,0.0,152,4,0.0,152,4
A2,A2,初级8_09.txt,156,3,24,6.5,0,0.172,157,0,0.1019,157,0,0.0,157,0,0.0,157,0
A2,A2,初级8_10.txt,151,3,21,7.19,103,0.2148,149,2,0.047,149,2,0.0,149,2,0.0,149,2
A2,A2,初级8_11.txt,187,5,24,7.79,121,0.2337,184,2,0.1196,184,2,0.0924,184,2,0.0109,184,2
A2,A2,初级8_12.txt,148,5,20,7.4,34,0.3386,127,5,0.0945,127,5,0.0,127,5,0.0,127,5
A2,A2,初级8_13.txt,168,5,21,8.0,108,0.1529,157,8,0.0255,157,8,0.0064,157,8,0.0,157,8
A2,A2,初级8_14.txt,146,9,23,6.35,79,0.1838,136,4,0.0294,136,4,0.0074,136,4,0.0,136,4
A2,A2,初级8_15.txt,163,7,23,7.09,79,0.2839,155,5,0.0839,155,5,0.0258,155,5,0.0065,155,5
B1,B1,中级1_01.txt,88,5,12,7.33,82,0.1795,78,5,0.1154,78,5,0.0385,78,5,0.0,78,5
B1,B1,中级1_02.txt,67,3,9,7.44,276,0.2241,58,3,0.1552,58,3,0.0345,58,3,0.0345,58,3
B1,B1,中级1_03.txt,72,3,10,7.2,162,0.1833,60,7,0.0167,60,7,0.0167,60,7,0.0,60,7
B1,B1,中级1_04.txt,75,5,12,6.25,131,0.1857,70,3,0.0286,70,3,0.0143,70,3,0.0,70,3
B1,B1,中级1_05.txt,88,6,11,8.0,163,0.3605,86,2,0.0581,86,2,0.0,86,2,0.0,86,2
B1,B1,中级1_06.txt,80,5,7,11.43,296,0.1781,73,3,0.0411,73,3,0.0,73,3,0.0,73,3
B1,B1,中级1_07.txt,121,8,18,6.72,188,0.1327,113,3,0.0531,113,3,0.0088,113,3,0.0088,113,3
B1,B1,中级1_08.txt,143,8,16,8.94,178,0.1739,138,4,0.0652,138,4,0.0145,138,4,0.0072,138,4
B1,B1,中级1_09.txt,104,6,6,17.33,618,0.1881,101,0,0.0198,101,0,0.0,101,0,0.0,101,0
B1,B1,中级1_10.txt,138,7,16,8.62,201,0.216,125,6,0.096,125,6,0.016,125,6,0.0,125,6
B1,B1,中级1_11.txt,160,7,27,5.93,85,0.3269,156,3,0.1474,156,3,0.0705,156,3,0.0,156,3
B1,B1,中级1_12.txt,151,4,22,6.86,118,0.2345,145,4,0.1517,145,4,0.0138,145,4,0.0,145,4
B1,B1,中级1_13.txt,130,7,13,10.0,238,0.2,125,4,0.064,125,4,0.024,125,4,0.0,125,4
B1,B1,中级1_14.txt,174,6,25,6.96,41,0.1739,161,5,0.0932,161,5,0.0,161,5,0.0,161,5
B1,B1,中级1_15.txt,134,4,14,9.57,193,0.2903,124,7,0.0726,124,7,0.0323,124,7,0.0081,124,7
B1,B1,中级2_01.txt,131,6,13,10.08,264,0.0877,114,4,0.0175,114,4,0.0,114,4,0.0,114,4
B1,B1,中级2_02.txt,134,5,16,8.38,184,0.2097,124,4,0.0565,124,4,0.0081,124,4,0.0081,124,4
B1,B1,中级2_03.txt,125,4,15,8.33,265,0.2377,122,2,0.0246,122,2,0.0,122,2,0.0,122,2
B1,B1,中级2_04.txt,155,6,15,10.33,328,0.0986,142,7,0.0211,142,7,0.0,142,7,0.0,142,7
B1,B1,中级2_05.txt,144,4,18,8.0,229,0.3134,134,5,0.1269,134,5,0.0448,134,5,0.0,134,5
B1,B1,中级2_06.txt,158,6,20,7.9,176,0.1189,143,9,0.0629,143,9,0.021,143,9,0.0,143,9
B1,B1,中级2_07.txt,153,5,14,10.93,308,0.2086,139,4,0.0935,139,4,0.0288,139,4,0.0,139,4
B1,B1,中级2_08.txt,150,6,17,8.82,197,0.2207,145,4,0.0621,145,4,0.0207,145,4,0.0069,145,4
B1,B1,中级2_09.txt,119,7,15,7.93,108,0.1765,102,5,0.049,102,5,0.0,102,5,0.0,102,5
B1,B1,中级2_10.txt,132,7,14,9.43,267,0.1597,119,9,0.0504,119,9,0.0168,119,9,0.0,119,9
B1,B1,中级2_11.txt,164,7,24,6.83,168,0.24,150,6,0.0933,150,6,0.04,150,6,0.0267,150,6
B1,B1,中级2_12.txt,136,8,15,9.07,234,0.2373,118,7,0.1017,118,7,0.0,118,7,0.0,118,7
B1,B1,中级2_13.txt,168,4,18,9.33,249,0.1538,156,6,0.0577,156,6,0.0385,156,6,0.0128,156,6
B1,B1,中级2_14.txt,126,6,14,9.0,210,0.2586,116,4,0.1379,116,4,0.0862,116,4,0.0086,116,4
B1,B1,中级2_15.txt,134,5,16,8.38,273,0.2677,127,6,0.0472,127,6,0.0157,127,6,0.0079,127,6
B1,B1,中级3_01.txt,77,5,11,7.0,23,0.2188,64,2,0.0312,64,2,0.0,64,2,0.0,64,2
B1,B1,中级3_02.txt,72,2,6,12.0,440,0.2143,70,1,0.0714,70,1,0.0571,70,1,0.0571,70,1
B1,B1,中级3_03.txt,151,8,20,7.55,268,0.2042,142,5,0.0704,142,5,0.007,142,5,0.0,142,5
B1,B1,中级3_04.txt,174,7,12,14.5,423,0.2485,169,4,0.1479,169,4,0.071,169,4,0.0,169,4
B1,B1,中级3_05.txt,88,5,13,6.77,261,0.3049,82,3,0.1463,82,3,0.0244,82,3,0.0,82,3
B1,B1,中级3_06.txt,145,5,14,10.36,178,0.2569,144,1,0.1667,144,1,0.0278,144,1,0.0,144,1
B1,B1,中级3_07.txt,80,4,10,8.0,272,0.2568,74,1,0.0405,74,1,0.0,74,1,0.0,74,1
B1,B1,中级3_08.txt,109,4,7,15.57,557,0.2255,102,6,0.1078,102,6,0.0098,102,6,0.0098,102,6
B1,B1,中级3_09.txt,99,6,9,11.0,372,0.2333,90,2,0.1333,90,2,0.0444,90,2,0.0444,90,2
B1,B1,中级3_10.txt,147,1,17,8.65,192,0.1583,139,5,0.0216,139,5,0.0216,139,5,0.0072,139,5
B1,B1,中级3_11.txt,150,7,13,11.54,279,0.1286,140,5,0.0357,140,5,0.0,140,5,0.0,140,5
B1,B1,中级3_12.txt,164,6,28,5.86,60,0.327,159,4,0.1069,159,4,0.0314,159,4,0.0,159,4
B1,B1,中级3_13.txt,165,4,18,9.17,190,0.255,149,5,0.0671,149,5,0.0134,149,5,0.0,149,5
B1,B1,中级3_14.txt,121,4,17,7.12,82,0.177,113,1,0.1239,113,1,0.0177,113,1,0.0177,113,1
B1,B1,中级3_15.txt,147,6,8,18.38,548,0.1806,144,1,0.0556,144,1,0.0069,144,1,0.0,144,1
B1,B1,中级4_01.txt,167,4,18,9.28,175,0.2716,162,4,0.0617,162,4,0.0062,162,4,0.0,162,4
B1,B1,中级4_02.txt,150,5,16,9.38,292,0.1915,141,3,0.0426,141,3,0.0142,141,3,0.0142,141,3
B1,B1,中级4_03.txt,159,7,19,8.37,291,0.2429,140,8,0.0714,140,8,0.0143,140,8,0.0,140,8
B1,B1,中级4_04.txt,167,7,21,7.95,89,0.3106,161,4,0.1366,161,4,0.0248,161,4,0.0,161,4
B1,B1,中级4_05.txt,153,7,21,7.29,125,0.2014,144,5,0.0417,144,5,0.0069,144,5,0.0,144,5
B1,B1,中级4_06.txt,144,6,20,7.2,109,0.2132,136,2,0.0735,136,2,0.0221,136,2,0.0074,136,2
B1,B1,中级4_07.txt,169,6,23,7.35,87,0.2699,163,5,0.1288,163,5,0.0491,163,5,0.0,163,5
B1,B1,中级4_08.txt,132,4,19,6.95,110,0.2326,129,1,0.1008,129,1,0.0155,129,1,0.0078,129,1
B1,B1,中级4_09.txt,159,5,12,13.25,397,0.1975,157,1,0.1083,157,1,0.051,157,1,0.0064,157,1
B1,B1,中级4_10.txt,189,2,23,8.22,210,0.2948,173,6,0.1445,173,6,0.0405,173,6,0.0058,173,6
B1,B1,中级4_11.txt,153,2,17,9.0,231,0.1831,142,4,0.0986,142,4,0.0211,142,4,0.0,142,4
B1,B1,中级4_12.txt,168,4,22,7.64,181,0.3101,158,8,0.0949,158,8,0.0316,158,8,0.0063,158,8
B1,B1,中级4_13.txt,159,8,15,10.6,316,0.194,134,7,0.1045,134,7,0.0299,134,7,0.0299,134,7
B1,B1,中级4_14.txt,119,7,12,9.92,159,0.2174,115,1,0.1043,115,1,0.0261,115,1,0.0,115,1
B1,B1,中级4_15.txt,150,9,13,11.54,419,0.2556,133,9,0.0752,133,9,0.0226,133,9,0.0075,133,9
B1,B1,中级5_01.txt,153,5,17,9.0,222,0.1387,137,7,0.0146,137,7,0.0,137,7,0.0,137,7
B1,B1,中级5_02.txt,144,4,18,8.0,198,0.2482,137,3,0.0876,137,3,0.0219,137,3,0.0,137,3
B1,B1,中级5_03.txt,155,4,20,7.75,173,0.2199,141,5,0.0496,141,5,0.0284,141,5,0.0,141,5
B1,B1,中级5_04.txt,173,5,17,10.18,247,0.1847,157,4,0.1083,157,4,0.0,157,4,0.0,157,4
B1,B1,中级5_05.txt,154,3,20,7.7,191,0.2671,146,5,0.1027,146,5,0.0411,146,5,0.0137,146,5
B1,B1,中级5_06.txt,162,6,22,7.36,102,0.2026,153,5,0.0654,153,5,0.0196,153,5,0.0131,153,5
B1,B1,中级5_07.txt,154,5,17,9.06,291,0.1958,143,4,0.0839,143,4,0.021,143,4,0.0,143,4
B1,B1,中级5_08.txt,168,4,17,9.88,139,0.2722,158,4,0.0886,158,4,0.0127,158,4,0.0,158,4
B1,B1,中级5_09.txt,143,5,19,7.53,136,0.2878,139,3,0.1367,139,3,0.036,139,3,0.0,139,3
B1,B1,中级5_10.txt,151,4,16,9.44,234,0.2041,147,2,0.0476,147,2,0.0068,147,2,0.0,147,2
B1,B1,中级5_11.txt,152,6,13,11.69,314,0.1508,126,10,0.0397,126,10,0.0159,126,10,0.0079,126,10
B1,B1,中级5_12.txt,156,7,15,10.4,426,0.1533,137,7,0.0584,137,7,0.0438,137,7,0.0073,137,7
B1,B1,中级5_13.txt,174,7,18,9.67,257,0.2026,153,8,0.0588,153,8,0.0131,153,8,0.0,153,8
B1,B1,中级5_14.txt,163,4,17,9.59,302,0.2188,160,3,0.0875,160,3,0.0437,160,3,0.0125,160,3
B1,B1,中级5_15.txt,154,4,17,9.06,204,0.18,150,2,0.0467,150,2,0.0067,150,2,0.0,150,2
B1,B1,中级6_01.txt,166,4,13,12.77,360,0.1728,162,2,0.0309,162,2,0.0123,162,2,0.0123,162,2
B1,B1,中级6_02.txt,121,6,14,8.64,250,0.2645,121,0,0.0992,121,0,0.0165,121,0,0.0,121,0
B1,B1,中级6_03.txt,140,4,16,8.75,258,0.25,120,8,0.0417,120,8,0.025,120,8,0.0083,120,8
B1,B1,中级6_04.txt,174,7,24,7.25,149,0.2515,163,6,0.092,163,6,0.0429,163,6,0.0123,163,6
B1,B1,中级6_05.txt,117,4,13,9.0,324,0.1852,108,5,0.0833,108,5,0.0185,108,5,0.0,108,5
B1,B1,中级6_06.txt,144,6,17,8.47,219,0.2248,129,8,0.0465,129,8,0.0078,129,8,0.0,129,8
B1,B1,中级6_07.txt,123,6,16,7.69,130,0.1909,110,5,0.0182,110,5,0.0091,110,5,0.0,110,5
B1,B1,中级6_08.txt,177,6,26,6.81,168,0.2012,164,10,0.0488,164,10,0.0183,164,10,0.0061,164,10
B1,B1,中级6_09.txt,140,5,15,9.33,295,0.246,126,5,0.127,126,5,0.0476,126,5,0.0,126,5
B1,B1,中级6_10.txt,136,3,18,7.56,78,0.1293,116,11,0.0431,116,11,0.0086,116,11,0.0086,116,11
B1,B1,中级6_11.txt,171,2,20,8.55,166,0.293,157,7,0.1529,157,7,0.051,157,7,0.0127,157,7
B1,B1,中级6_12.txt,143,1,13,11.0,260,0.2662,139,1,0.0647,139,1,0.0144,139,1,0.0,139,1
B1,B1,中级6_13.txt,173,4,18,9.61,247,0.2588,170,2,0.1412,170,2,0.0294,170,2,0.0059,170,2
B1,B1,中级6_14.txt,184,3,17,10.82,292,0.2294,170,4,0.0824,170,4,0.0529,170,4,0.0118,170,4
B1,B1,中级6_15.txt,185,3,18,10.28,250,0.3034,178,4,0.1742,178,4,0.0562,178,4,0.0,178,4
B1,B1,中级7_01.txt,125,5,12,10.42,407,0.3443,122,2,0.1557,122,2,0.0082,122,2,0.0,122,2
B1,B1,中级7_02.txt,145,4,20,7.25,225,0.2707,133,5,0.1128,133,5,0.0376,133,5,0.0,133,5
B1,B1,中级7_03.txt,134,6,16,8.38,262,0.2205,127,2,0.1417,127,2,0.1024,127,2,0.0079,127,2
B1,B1,中级7_04.txt,139,5,13,10.69,293,0.1298,131,1,0.0153,131,1,0.0076,131,1,0.0076,131,1
B1,B1,中级7_05.txt,178,6,18,9.89,137,0.1813,171,4,0.0585,171,4,0.0175,171,4,0.0,171,4
B1,B1,中级7_06.txt,163,4,14,11.64,367,0.1667,156,5,0.0577,156,5,0.0128,156,5,0.0,156,5
B1,B1,中级7_07.txt,148,1,17,8.71,224,0.2986,144,2,0.1597,144,2,0.0764,144,2,0.0069,144,2
B1,B1,中级7_08.txt,194,5,17,11.41,380,0.2552,192,0,0.0885,192,0,0.0312,192,0,0.0,192,0
B1,B1,中级7_09.txt,159,4,17,9.35,307,0.2568,148,4,0.1351,148,4,0.0338,148,4,0.0068,148,4
B1,B1,中级7_10.txt,177,2,18,9.83,313,0.1452,186,2,0.0376,186,2,0.0215,186,2,0.0054,186,2
B1,B1,中级7_11.txt,167,2,17,9.82,218,0.2264,159,4,0.1006,159,4,0.0252,159,4,0.0189,159,4
B1,B1,中级7_12.txt,158,3,16,9.88,218,0.3267,150,7,0.14,150,7,0.0733,150,7,0.0267,150,7
B1,B1,中级7_13.txt,196,2,19,10.32,221,0.2487,189,4,0.1164,189,4,0.0529,189,4,0.0,189,4
B1,B1,中级7_14.txt,157,2,15,10.47,322,0.2424,132,5,0.1364,132,5,0.0758,132,5,0.0152,132,5
B1,B1,中级7_15.txt,154,2,16,9.62,346,0.2055,146,4,0.1096,146,4,0.0068,146,4,0.0068,146,4
B1,B1,中级8_01.txt,179,5,15,11.93,438,0.2083,168,6,0.0298,168,6,0.0179,168,6,0.006,168,6
B1,B1,中级8_02.txt,158,7,15,10.53,437,0.1986,146,4,0.0753,146,4,0.0205,146,4,0.0,146,4
B1,B1,中级8_03.txt,166,6,21,7.9,186,0.2911,158,2,0.0949,158,2,0.019,158,2,0.0,158,2
B1,B1,中级8_04.txt,177,5,15,11.8,342,0.2544,169,8,0.1183,169,8,0.0533,169,8,0.0059,169,8
B1,B1,中级8_05.txt,160,1,14,11.43,464,0.223,148,2,0.0405,148,2,0.0,148,2,0.0,148,2
B1,B1,中级8_06.txt,146,4,15,9.73,314,0.2313,134,9,0.0522,134,9,0.0224,134,9,0.0,134,9
B1,B1,中级8_07.txt,169,4,19,8.89,228,0.2956,159,6,0.0818,159,6,0.0252,159,6,0.0063,159,6
B1,B1,中级8_08.txt,156,5,9,17.33,507,0.2368,152,4,0.0658,152,4,0.0,152,4,0.0,152,4
B1,B1,中级8_09.txt,146,7,17,8.59,262,0.2941,136,5,0.0809,136,5,0.0147,136,5,0.0,136,5
B1,B1,中级8_10.txt,166,5,15,11.07,383,0.2157,153,3,0.098,153,3,0.0523,153,3,0.0065,153,3
B1,B1,中级8_11.txt,174,4,16,10.88,295,0.2209,163,4,0.1043,163,4,0.0245,163,4,0.0184,163,4
B1,B1,中级8_12.txt,146,7,17,8.59,262,0.1985,131,5,0.0763,131,5,0.0076,131,5,0.0076,131,5
B1,B1,中级8_13.txt,153,5,17,9.0,251,0.2177,147,6,0.102,147,6,0.0476,147,6,0.0068,147,6
B1,B1,中级8_14.txt,138,3,16,8.62,332,0.3359,131,5,0.1832,131,5,0.0992,131,5,0.0229,131,5
B1,B1,中级8_15.txt,163,6,15,10.87,378,0.1875,160,1,0.0875,160,1,0.0187,160,1,0.0063,160,1
B2,B2+,高级1_01.txt,162,3,21,7.71,238,0.24,150,8,0.02,150,8,0.0,150,8,0.0,150,8
B2,B2+,高级1_02.txt,168,3,21,8.0,215,0.277,148,8,0.1419,148,8,0.0878,148,8,0.0068,148,8
B2,B2+,高级1_03.txt,166,3,15,11.07,356,0.1745,149,6,0.0537,149,6,0.0201,149,6,0.0067,149,6
B2,B2+,高级1_04.txt,176,3,20,8.8,208,0.2294,170,4,0.1118,170,4,0.0118,170,4,0.0118,170,4
B2,B2+,高级1_05.txt,159,3,14,11.36,340,0.2157,153,4,0.0719,153,4,0.0065,153,4,0.0065,153,4
B2,B2+,高级1_06.txt,176,2,16,11.0,239,0.2339,171,4,0.1287,171,4,0.0819,171,4,0.0,171,4
B2,B2+,高级1_07.txt,188,3,22,8.55,194,0.2554,184,6,0.1141,184,6,0.0326,184,6,0.0217,184,6
B2,B2+,高级1_08.txt,162,3,16,10.12,263,0.2069,145,5,0.0897,145,5,0.069,145,5,0.0138,145,5
B2,B2+,高级1_09.txt,183,3,17,10.76,348,0.2647,170,5,0.1412,170,5,0.0471,170,5,0.0118,170,5
B2,B2+,高级1_10.txt,188,3,18,10.44,248,0.2012,169,7,0.0828,169,7,0.0414,169,7,0.0178,169,7
B2,B2+,高级1_11.txt,149,3,15,9.93,278,0.2446,139,3,0.1151,139,3,0.036,139,3,0.0072,139,3
B2,B2+,高级1_12.txt,166,3,15,11.07,338,0.2914,151,5,0.0596,151,5,0.0199,151,5,0.0,151,5
B2,B2+,高级1_13.txt,156,3,17,9.18,226,0.2568,148,6,0.1622,148,6,0.0541,148,6,0.027,148,6
B2,B2+,高级1_14.txt,185,2,21,8.81,200,0.2045,176,1,0.0966,176,1,0.0795,176,1,0.0114,176,1
B2,B2+,高级1_15.txt,193,3,19,10.16,239,0.1947,190,2,0.0842,190,2,0.0158,190,2,0.0,190,2
B2,B2+,高级3_01.txt,177,3,19,9.32,264,0.269,171,3,0.1637,171,3,0.1228,171,3,0.0175,171,3
B2,B2+,高级3_02.txt,181,3,19,9.53,302,0.1724,174,4,0.0632,174,4,0.0115,174,4,0.0057,174,4
B2,B2+,高级3_03.txt,153,3,18,8.5,317,0.3617,141,6,0.1631,141,6,0.0709,141,6,0.0071,141,6
B2,B2+,高级3_04.txt,190,3,12,15.83,520,0.1868,182,5,0.0824,182,5,0.0275,182,5,0.0,182,5
B2,B2+,高级3_05.txt,168,3,15,11.2,270,0.2207,145,7,0.069,145,7,0.0276,145,7,0.0138,145,7
B2,B2+,高级3_06.txt,185,3,16,11.56,381,0.3466,176,4,0.1648,176,4,0.0568,176,4,0.0,176,4
B2,B2+,高级3_07.txt,180,3,23,7.83,161,0.2561,164,4,0.061,164,4,0.0305,164,4,0.0183,164,4
B2,B2+,高级3_08.txt,207,3,19,10.89,321,0.2558,172,24,0.1163,172,24,0.0581,172,24,0.0233,172,24
B2,B2+,高级3_09.txt,210,3,19,11.05,283,0.2398,196,6,0.0714,196,6,0.0204,196,6,0.0,196,6
B2,B2+,高级3_10.txt,235,3,30,7.83,220,0.2788,226,4,0.177,226,4,0.0841,226,4,0.0442,226,4
B2,B2+,高级3_11.txt,271,3,22,12.32,370,0.2451,253,11,0.1304,253,11,0.0316,253,11,0.0079,253,11
B2,B2+,高级3_12.txt,251,4,28,8.96,203,0.2282,241,6,0.0747,241,6,0.0373,241,6,0.0166,241,6
B2,B2+,高级3_13.txt,293,5,30,9.77,243,0.291,268,8,0.1231,268,8,0.0709,268,8,0.0485,268,8
B2,B2+,高级3_14.txt,294,3,34,8.65,243,0.1966,290,3,0.0828,290,3,0.0241,290,3,0.0034,290,3
B2,B2+,高级3_15.txt,271,3,19,14.26,386,0.2,240,9,0.075,240,9,0.0125,240,9,0.0,240,9
B2,B2+,高级4_01.txt,299,3,33,9.06,283,0.2243,272,10,0.0588,272,10,0.0221,272,10,0.0074,272,10
B2,B2+,高级4_02.txt,281,3,29,9.69,321,0.1693,254,6,0.0591,254,6,0.0197,254,6,0.0039,254,6
B2,B2+,高级4_03.txt,274,3,26,10.54,288,0.1954,261,4,0.0613,261,4,0.0077,261,4,0.0,261,4
B2,B2+,高级4_04.txt,264,3,19,13.89,565,0.3125,240,6,0.1708,240,6,0.0542,240,6,0.0333,240,6
B2,B2+,高级4_05.txt,288,4,30,9.6,296,0.2344,273,10,0.1172,273,10,0.0403,273,10,0.0,273,10
B2,B2+,高级4_06.txt,280,3,28,10.0,389,0.3026,271,6,0.107,271,6,0.048,271,6,0.0037,271,6
B2,B2+,高级4_07.txt,272,5,26,10.46,253,0.2917,264,7,0.1515,264,7,0.0455,264,7,0.0076,264,7
B2,B2+,高级4_08.txt,270,5,23,11.74,478,0.4033,243,9,0.1893,243,9,0.1111,243,9,0.0165,243,9
B2,B2+,高级4_09.txt,127,3,34,3.74,90,0.5054,93,11,0.3871,93,11,0.1828,93,11,0.0323,93,11
B2,B2+,高级4_10.txt,132,3,30,4.4,64,0.265,117,8,0.1282,117,8,0.0342,117,8,0.0085,117,8
B2,B2+,高级4_11.txt,89,3,23,3.87,262,0.4286,63,10,0.3333,63,10,0.0952,63,10,0.0317,63,10
B2,B2+,高级4_12.txt,156,4,39,4.0,147,0.307,114,17,0.2193,114,17,0.1053,114,17,0.0439,114,17
B2,B2+,高级4_13.txt,159,4,39,4.08,116,0.3778,135,7,0.2148,135,7,0.0519,135,7,0.0,135,7
B2,B2+,高级4_14.txt,131,3,32,4.09,98,0.3333,108,11,0.2315,108,11,0.1111,108,11,0.0,108,11
B2,B2+,高级4_15.txt,130,9,27,4.81,63,0.303,99,15,0.2323,99,15,0.0606,99,15,0.0,99,15
B2,B2+,高级5_01.txt,246,3,29,8.48,251,0.2748,222,13,0.1532,222,13,0.0946,222,13,0.0495,222,13
B2,B2+,高级5_02.txt,258,3,20,12.9,440,0.312,250,7,0.18,250,7,0.08,250,7,0.032,250,7
B2,B2+,高级5_03.txt,256,3,25,10.24,351,0.2899,238,8,0.1261,238,8,0.063,238,8,0.0042,238,8
B2,B2+,高级5_04.txt,263,5,23,11.43,381,0.2749,251,9,0.1394,251,9,0.0478,251,9,0.0159,251,9
B2,B2+,高级5_05.txt,290,3,26,11.15,323,0.3038,260,15,0.1462,260,15,0.0615,260,15,0.0192,260,15
B2,B2+,高级5_06.txt,244,3,33,7.39,327,0.3138,239,6,0.1925,239,6,0.0251,239,6,0.0126,239,6
B2,B2+,高级5_07.txt,279,3,22,12.68,280,0.3374,243,11,0.0864,243,11,0.0494,243,11,0.0247,243,11
B2,B2+,高级5_08.txt,291,3,28,10.39,324,0.3262,279,7,0.1505,279,7,0.043,279,7,0.0143,279,7
B2,B2+,高级5_09.txt,298,2,24,12.42,410,0.3276,293,5,0.198,293,5,0.0717,293,5,0.0102,293,5
B2,B2+,高级5_10.txt,306,3,33,9.27,273,0.2527,277,14,0.0939,277,14,0.0325,277,14,0.0108,277,14
B2,B2+,高级5_11.txt,306,3,26,11.77,322,0.2041,294,9,0.0714,294,9,0.0238,294,9,0.0034,294,9
B2,B2+,高级5_12.txt,310,3,28,11.07,439,0.2699,289,9,0.1142,289,9,0.0138,289,9,0.0,289,9
B2,B2+,高级5_13.txt,318,5,36,8.83,246,0.2895,304,11,0.1349,304,11,0.0724,304,11,0.0164,304,11
B2,B2+,高级5_14.txt,284,3,33,8.61,206,0.2305,269,9,0.0818,269,9,0.0186,269,9,0.0112,269,9
B2,B2+,高级5_15.txt,332,5,32,10.38,311,0.165,297,22,0.0505,297,22,0.0135,297,22,0.0067,297,22
B2,B2+,高级6_01.txt,332,3,31,10.71,313,0.2329,322,7,0.059,322,7,0.0186,322,7,0.0093,322,7
B2,B2+,高级6_02.txt,335,3,32,10.47,233,0.2669,326,7,0.0828,326,7,0.0061,326,7,0.0031,326,7
B2,B2+,高级6_03.txt,321,3,34,9.44,229,0.227,304,8,0.1184,304,8,0.0362,304,8,0.0033,304,8
B2,B2+,高级6_04.txt,306,2,23,13.3,391,0.1794,301,3,0.093,301,3,0.0465,301,3,0.0033,301,3
B2,B2+,高级6_05.txt,353,3,41,8.61,203,0.2485,334,10,0.1257,334,10,0.0299,334,10,0.006,334,10
B2,B2+,高级6_06.txt,319,2,17,18.76,687,0.183,306,7,0.0882,306,7,0.0229,306,7,0.0,306,7
B2,B2+,高级6_07.txt,306,3,23,13.3,474,0.2962,287,12,0.1394,287,12,0.0174,287,12,0.0035,287,12
B2,B2+,高级6_08.txt,354,3,30,11.8,329,0.1497,334,9,0.0629,334,9,0.0299,334,9,0.006,334,9
B2,B2+,高级6_09.txt,330,5,32,10.31,282,0.239,318,8,0.0881,318,8,0.0314,318,8,0.0094,318,8
B2,B2+,高级6_10.txt,341,6,21,16.24,535,0.1982,328,10,0.0793,328,10,0.0396,328,10,0.0122,328,10
B2,B2+,高级6_11.txt,338,4,36,9.39,268,0.2386,306,16,0.1046,306,16,0.0523,306,16,0.0033,306,16
B2,B2+,高级6_12.txt,342,3,26,13.15,431,0.1735,317,10,0.0757,317,10,0.0126,317,10,0.0063,317,10
B2,B2+,高级6_13.txt,339,4,29,11.69,397,0.386,329,5,0.1641,329,5,0.0334,329,5,0.0152,329,5
B2,B2+,高级6_14.txt,341,6,24,14.21,417,0.295,322,6,0.1118,322,6,0.0373,322,6,0.0031,322,6
B2,B2+,高级6_15.txt,332,3,33,10.06,351,0.2952,315,10,0.1397,315,10,0.019,315,10,0.0032,315,10
B2,B2+,高级7_01.txt,323,3,31,10.42,272,0.1781,292,4,0.0377,292,4,0.0137,292,4,0.0,292,4
B2,B2+,高级7_02.txt,315,3,28,11.25,332,0.1846,298,10,0.047,298,10,0.0168,298,10,0.0101,298,10
B2,B2+,高级7_03.txt,309,3,23,13.43,371,0.1987,302,5,0.1026,302,5,0.0232,302,5,0.0099,302,5
B2,B2+,高级7_04.txt,338,3,27,12.52,400,0.1692,325,8,0.08,325,8,0.0246,325,8,0.0031,325,8
B2,B2+,高级7_05.txt,281,3,29,9.69,342,0.322,264,13,0.1705,264,13,0.0341,264,13,0.0076,264,13
B2,B2+,高级7_06.txt,313,3,25,12.52,419,0.2343,303,6,0.0594,303,6,0.0264,303,6,0.0033,303,6
B2,B2+,高级7_07.txt,298,3,25,11.92,388,0.2125,287,7,0.0732,287,7,0.0209,287,7,0.0,287,7
B2,B2+,高级7_08.txt,320,5,26,12.31,340,0.1763,312,7,0.0705,312,7,0.0353,312,7,0.016,312,7
B2,B2+,高级7_09.txt,312,3,26,12.0,454,0.2838,296,7,0.1149,296,7,0.0236,296,7,0.0101,296,7
B2,B2+,高级7_10.txt,338,3,32,10.56,329,0.2082,317,9,0.0757,317,9,0.0252,317,9,0.0,317,9
B2,B2+,高级7_11.txt,304,4,30,10.13,377,0.213,277,10,0.1047,277,10,0.0253,277,10,0.0,277,10
B2,B2+,高级7_12.txt,336,7,34,9.88,305,0.2492,297,12,0.1044,297,12,0.0438,297,12,0.0034,297,12
B2,B2+,高级7_13.txt,338,2,20,16.9,553,0.2769,307,18,0.1433,307,18,0.0163,307,18,0.0,307,18
B2,B2+,高级7_14.txt,333,3,30,11.1,388,0.2742,310,8,0.1097,310,8,0.0613,310,8,0.0194,310,8
B2,B2+,高级7_15.txt,310,2,20,15.5,536,0.3344,299,6,0.1706,299,6,0.0569,299,6,0.01,299,6
B2,B2+,高级8_01.txt,343,3,33,10.39,341,0.2913,309,12,0.1262,309,12,0.055,309,12,0.0032,309,12
B2,B2+,高级8_02.txt,353,3,35,10.09,329,0.3232,328,16,0.189,328,16,0.0183,328,16,0.0091,328,16
B2,B2+,高级8_03.txt,362,5,24,15.08,486,0.17,347,7,0.0865,347,7,0.0317,347,7,0.0058,347,7
B2,B2+,高级8_04.txt,330,3,24,13.75,464,0.2127,315,9,0.1111,315,9,0.0286,315,9,0.0032,315,9
B2,B2+,高级8_05.txt,333,3,26,12.81,375,0.2862,325,5,0.1446,325,5,0.0554,325,5,0.0154,325,5
B2,B2+,高级8_06.txt,354,6,34,10.41,326,0.295,339,7,0.1386,339,7,0.0383,339,7,0.0206,339,7
B2,B2+,高级8_07.txt,314,7,24,13.08,454,0.276,308,4,0.1136,308,4,0.0519,308,4,0.0195,308,4
B2,B2+,高级8_08.txt,331,5,32,10.34,455,0.3032,310,13,0.1387,310,13,0.0613,310,13,0.0097,310,13
B2,B2+,高级8_09.txt,333,7,26,12.81,447,0.2839,310,7,0.1452,310,7,0.0548,310,7,0.0161,310,7
B2,B2+,高级8_10.txt,356,7,34,10.47,319,0.2514,350,10,0.0914,350,10,0.0429,350,10,0.02,350,10
B2,B2+,高级8_11.txt,346,5,23,15.04,487,0.2229,323,7,0.1084,323,7,0.0372,323,7,0.0062,323,7
B2,B2+,高级8_12.txt,342,3,28,12.21,480,0.2419,310,8,0.0968,310,8,0.029,310,8,0.0097,310,8
B2,B2+,高级8_13.txt,341,5,31,11.0,479,0.3758,322,14,0.1925,322,14,0.0683,322,14,0.0217,322,14
B2,B2+,高级8_14.txt,357,5,26,13.73,533,0.3006,326,11,0.1779,326,11,0.0613,326,11,0.0092,326,11
B2,B2+,高级8_15.txt,363,3,29,12.52,436,0.3333,333,11,0.1772,333,11,0.0661,333,11,0.045,333,11
